id,email,password,handle
1,kalcoran0@wsj.com,wR2(TWz*VaBTM~,djanacek0
2,klukianov1@xrea.com,pA1''j!s3)/yFFm,nsyder1
3,kfoxten2@nbcnews.com,"cZ0`_IX8,",phalbeard2
4,mkorting3@nsw.gov.au,bU7|}7AyM,hlongridge3
5,bmatterface4@rediff.com,"mL9#O\VJ_f4,Qm",emothersole4
6,dragsdale5@wiley.com,fX4&+<<cYk3,ddunphy5
7,rleatham6@rambler.ru,wG0\9i8/zPAc,amarkham6
8,qcota7@so-net.ne.jp,nJ1!WzQM,hdukesbury7
9,jgoffe8@unblog.fr,yW0\_J@bG4,fgleadhell8
10,ranthill9@mail.ru,eY9~qCb{WIMCcTt,rbruckental9
11,crolanda@bloglines.com,"jA2(%Q%**~,+F",fgrzesiewicza
12,kcosansb@woothemes.com,hN2$&iBaXynJBPH6,wmannsb
13,moattesc@trellian.com,fO6'qqoWs1'g_2pq,aearwickerc
14,adilgarnod@statcounter.com,uX1|G?AcB+2rKQU,bbowerd
15,cdominicaccie@tumblr.com,nV3'O$F/~8,dhaskelle
16,kjoddensf@weibo.com,sW8)+J}Ztu=tQlx,fsenettf
17,ceacottg@gravatar.com,kZ4~TXz&6xv,sfreemantleg
18,tpanswickh@boston.com,uM4+=u5%{#i7`),agionettittih
19,ageelani@economist.com,rJ0))M%01,tbosomworthi
20,warnowitzj@oakley.com,wI9}ez{fH}lx5UzT,ncockittj
21,agaisfordk@symantec.com,pT9?(@8ehr2,sotsonk
22,dbolderoel@nba.com,vC1\W9MJ,nmartschikl
23,lgardm@infoseek.co.jp,eB5<o)|B,zskillettm
24,vnorkettn@rediff.com,cT7(aBoCibOsdY4,cbonnickn
25,wcavnoro@latimes.com,kR2+{~_KoC,qkingshotto
26,shaycoxp@senate.gov,hA4`@{h5~B*,bbennep
27,rshortinq@opensource.org,fW9`ru8LY_WJ,dbeneytoq
28,tplaisterr@pagesperso-orange.fr,xC9&(4Jijp,rtitmusr
29,gtrevors@csmonitor.com,rD1!LXyk,bjahans
30,isomerfieldt@boston.com,xJ1@>X#q$n_j+'Wg,wsciacovellit
31,fsnoxallu@nih.gov,sH6%\1C`jTZAE8=,jmcgarrahanu
32,hmallionv@ibm.com,cH7?)XA&|q\{,aleathev
33,ppeerw@canalblog.com,dA0!t$7&p>=Ml,gtruluckw
34,cdanherx@home.pl,"iT6#t,RngB}/VT",koliverpaullx
35,sgammonsy@studiopress.com,vH6?T1P8(C,nfeatleyy
36,aokez@xing.com,lZ2?xy4Y_O0)/,cwicksonz
37,teagers10@drupal.org,"zF3<A6+G'*A""p""$\",vsnelson10
38,cpendock11@jugem.jp,"xU8<%""Y1qIn4vb",oavory11
39,tmatzeitis12@edublogs.org,rK4<`B#i0,alerego12
40,nsawart13@dailymotion.com,oN6&a'o/CD6s,imordey13
41,gmarchment14@independent.co.uk,kE4>yC|)!!}|Y,vmanvell14
42,emargerison15@last.fm,iJ8@1@nu3qDR/SX,xgodehardsf15
43,sdorre16@sakura.ne.jp,aI5%#z{>Z`<SbQk,ubrydone16
44,gcrisall17@economist.com,eF7$gBr+34WT!,cehlerding17
45,lskahill18@zdnet.com,"hL5{j`dwk,0",bbuxey18
46,jarrighetti19@deviantart.com,wU2}|i'9r>,sgrouer19
47,mdungate1a@timesonline.co.uk,kT8+7~59C,ysevitt1a
48,ppiwall1b@squarespace.com,pH8=nd{JjLUQ`,llauritsen1b
49,eelintune1c@typepad.com,tN5/Kao?W,kjoppich1c
50,gchenery1d@chron.com,"aQ5/nAZwlcX`""v",mcattlow1d
51,lsaltman1e@pagesperso-orange.fr,aM4%$(5xY\3{,hbragge1e
52,gratter1f@dagondesign.com,oT2#mtUla7mM|,aopie1f
53,nmostin1g@seattletimes.com,"gJ0,3gD,r8~v",athrasher1g
54,kwandrach1h@slashdot.org,gN1+_J4=ICQ<}`~,mvegas1h
55,vgrundon1i@com.com,qJ1}1Wnljg7vS,aidwalevans1i
56,hpemble1j@constantcontact.com,tK3)%@>%,omeech1j
57,bwhitlock1k@hexun.com,aX0{Javm4omL/1,jbeldan1k
58,sportal1l@epa.gov,"mN1!73#"".KP|B4",tfrankham1l
59,rgodfrey1m@forbes.com,mT8>wBAH,pkenewel1m
60,tprazor1n@canalblog.com,xW4&2(SH,dcapoun1n
61,mtummons1o@home.pl,jR6/Pd}Og7_f,jadam1o
62,evenus1p@google.es,fW2>aes%{=2,mattaway1p
63,sfinessy1q@squarespace.com,jM0#'oWgKeWMb_pJ,lcelier1q
64,dholwell1r@dyndns.org,vK9+'fU9Pre>vi,abranni1r
65,mnalder1s@aol.com,zT9<9<w3,gmeadley1s
66,hogavin1t@home.pl,"yT1_$Kg,",jshaw1t
67,bmcbrearty1u@hud.gov,nH2+|xflyjh,ogoater1u
68,rchaudret1v@flavors.me,gF3$d/13G)l,gglidder1v
69,fbesant1w@themeforest.net,rF0`iO%!/e%'k,carnoldi1w
70,cbunting1x@google.nl,qE6!OEfF#A,dmacdearmid1x
71,lreyes1y@livejournal.com,hO7)OQB@4HXPQoql,mfrail1y
72,hdubs1z@123-reg.co.uk,pQ7'~)@WJf,agouley1z
73,gmellanby20@ox.ac.uk,jI7$y@I<6U$\~j,cglasebrook20
74,cpointon21@msn.com,"sU8""Vl7Q+@1",lcosstick21
75,mponsford22@paginegialle.it,kB6'nU=Xf8e,fmcrinn22
76,pmarkussen23@hubpages.com,fS7#sDmS5,hcokly23
77,enott24@utexas.edu,"vS7""en97hVw7kw",sdavidi24
78,mcurr25@ca.gov,eD4*o(JJCL+@,fdelamere25
79,msalzberger26@archive.org,aM1~Pmf&~{}mR<v),wmitchenson26
80,rsneesby27@jugem.jp,tS4?7&B$,dbeves27
81,dbaldin28@oakley.com,"aP3|>,s$'8B#vTi",vresun28
82,nsmurfitt29@webnode.com,kX1`vC?d87l4g,arutt29
83,klibermore2a@nhs.uk,rT8_y2lp)kz,bcommon2a
84,gharken2b@ucoz.com,tN6}R#kC,aswinbourne2b
85,carbuckle2c@jiathis.com,sM7(JkqW/%DZm=>0,tinfante2c
86,hgobolos2d@wix.com,"pX6,Z+8C#",ogingedale2d
87,wmattacks2e@google.es,oK8}BhiXLB,amilkeham2e
88,dmatej2f@rambler.ru,iR3(+7rGd8$r,tgoodenough2f
89,mzamudio2g@nasa.gov,jY4>>q+eHx&>9z,ckamien2g
90,thawkswood2h@usnews.com,cB9)\L(`X?fF5,ilasseter2h
91,clindholm2i@artisteer.com,"oV9<LH?E""",jbendle2i
92,eklampk2j@w3.org,tX9=o6=B,mjedrzejczak2j
93,ndiment2k@twitter.com,"mX3,})\s82oF",cgarrals2k
94,kwhyffen2l@cdbaby.com,dA8}$!4od,dtregea2l
95,dspadeck2m@ezinearticles.com,"tF5,9qCq$!@%Hb/",tmaasze2m
96,mwrathall2n@npr.org,uG0~AR{D3,tcostan2n
97,hpears2o@ted.com,kL3(lXzu<dFPGaA',bstevenson2o
98,owiltshire2p@opera.com,"uK6,zpD<eP}L/",mmorfield2p
99,pzemler2q@howstuffworks.com,vK1+6jv*U,ggoodayle2q
100,kdominiak2r@amazon.com,zH4=b}l6~n,ldunnion2r
101,jfessier2s@ning.com,tB4?5Toq{qh+yJx#,sluney2s
102,dmacgiolla2t@google.it,pN8.mW$#}#{a{bF,pgodson2t
103,jspinozzi2u@yellowbook.com,hA5@KhR22M8p_Gu,tcereceres2u
104,cgoning2v@elegantthemes.com,sE0~RjuL,wcalbert2v
105,bgason2w@123-reg.co.uk,bP9+R<ATz`Mp_X!.,bblackmuir2w
106,cuglow2x@instagram.com,mK0)x1D6+8aho$A|,ksevitt2x
107,apunton2y@chronoengine.com,iK7'.(Oe?`n_.VwP,geymer2y
108,mmcenhill2z@npr.org,tP3%Y6aF3@)b29#,bculpen2z
109,mbarette30@nih.gov,"gH1=EK6d""?",ngopsell30
110,kfynan31@prnewswire.com,qM7*'}*l6N0E`,kcurtin31
111,hkhalid32@msu.edu,bX1'B?)c+E87GI#,mchristauffour32
112,ndumsday33@house.gov,oZ3<8.sHbtN.p~L,cmarsden33
113,bwitts34@pinterest.com,qS7/jNk_o,htod34
114,byacobsohn35@aboutads.info,wE0|hrWo0fL7,eglowinski35
115,afree36@hubpages.com,nX6+{Xwsl'VYT,gcafferky36
116,korgee37@tinyurl.com,gJ7}OjpmE,ffurnell37
117,tblumsom38@businesswire.com,kL5.hsWp3ATrZD*k,kleele38
118,cducrow39@cafepress.com,pF1+26I8Y&0D,tkivlin39
119,odreschler3a@infoseek.co.jp,kF2.rSZ5=qe?JF'7,asetterington3a
120,paslott3b@example.com,"aT0#,SV&D",dcurton3b
121,kyurkevich3c@cam.ac.uk,qC9#AVo$xifx&MA,cjepp3c
122,vmaclice3d@umich.edu,qM9|FcR++6W,wofearguise3d
123,bgilchrist3e@people.com.cn,nA8=B}}tF7QA,rmcrobbie3e
124,dfilewood3f@rakuten.co.jp,"wJ8(,8!vM",hsteedman3f
125,ferskin3g@ft.com,"mP5),omvFAJuHv",lclemendet3g
126,fielden3h@clickbank.net,aI1(1ntGa8/$8A4,kburrel3h
127,adabell3i@state.tx.us,eS1|zWk23},rmorter3i
128,bnewsham3j@senate.gov,"jH0~z=zujZ""M)}u",afarrey3j
129,tmaher3k@webeden.co.uk,pL2/)3R!4Y|,hdacombe3k
130,cewan3l@delicious.com,dX6'N3FA`,rhaugeh3l
131,hchillistone3m@independent.co.uk,fG8%I@~qm/,fbeyn3m
132,lcridlan3n@dailymotion.com,cO4_DqfC#quFI*Si,mkingsnod3n
133,lmottley3o@tripod.com,iC2`>~<{R6,kpressman3o
134,bvedekhin3p@ft.com,aY2~YvZjZ3,amcadam3p
135,mlambregts3q@ehow.com,"aA7~""clnf$X",hhatz3q
136,voshee3r@upenn.edu,rH2>d/88DTl52,dpauncefoot3r
137,sbompass3s@taobao.com,"gK2""F`J')+/2(CW9",wduham3s
138,bhagan3t@fda.gov,xP6*UBW~bQ/.5RD,dalejandre3t
139,kstratz3u@unc.edu,pL1/PZrV1,nhargraves3u
140,nmangin3v@hao123.com,"jQ9,!\jAP+9%l",gdixey3v
141,nwailes3w@abc.net.au,fQ5'WrL!lQO('|9d,ecapelle3w
142,mgronw3x@topsy.com,cF0~Kb&2dRW~X1f,iclaibourn3x
143,pfrangleton3y@macromedia.com,jN3}_9>CmB8?GK0,baddyman3y
144,sarnke3z@imgur.com,oH6'k\>pe,gdibiasio3z
145,rfelkin40@macromedia.com,bR3@K+RKT?ZVWw(W,emcclean40
146,useres41@sfgate.com,vK9$_y<pr,akemble41
147,avayro42@statcounter.com,jW6$?E4W&m42e{,jnatwick42
148,oloiterton43@soundcloud.com,lG7%E$RNNR{y6nO,pdenisot43
149,csorrill44@weebly.com,vX4/{q/W3rEKl2h,cjorat44
150,apickless45@psu.edu,pA3{Pm%ryQ,ebrokenshaw45
151,mvanhalle46@toplist.cz,pF3><o}vtk@,grackstraw46
152,fkirkbright47@cdc.gov,xY3>.%>88,aspinnace47
153,kwatkiss48@technorati.com,wC0+Ab1GNA!j+,dwooton48
154,rwabersich49@clickbank.net,uT7)l!3p|*N}\8C*,knutman49
155,echilcott4a@nba.com,"yB5(V6q,E",jyggo4a
156,waveray4b@cargocollective.com,"gZ3(FObj0Z&,XwG,",ggawkes4b
157,bmacgibbon4c@weebly.com,nX4(*VB0Mo,kandrioni4c
158,bryves4d@ehow.com,wP6&%%eQg,qpharoah4d
159,hduckerin4e@amazon.co.jp,uG1%d!L>!uK>Ds,amorfey4e
160,csantora4f@moonfruit.com,iS9!SxATP4),cgriffiths4f
161,rwehner4g@yahoo.com,nZ7?$8tTV'/t,rrisley4g
162,msealove4h@bravesites.com,cS1}UAST.5>,ndecullip4h
163,grennles4i@springer.com,cQ8|ZKYhi'3/8a,nnorsister4i
164,bakerman4j@eepurl.com,cB5<No%U9y,gchastenet4j
165,cgillford4k@guardian.co.uk,wU8%vzNmN4+vb~69,zkendrew4k
166,vmeller4l@vistaprint.com,"zP9(X,~AzIePb",ogossipin4l
167,kbrisset4m@dell.com,yS5>FEfg~9d$fT1,cpresland4m
168,matwood4n@cafepress.com,cN4/S_ytW`d,ipattle4n
169,arubinovitch4o@techcrunch.com,eL0+V~n3AHaVUi,mnorval4o
170,upow4p@blogger.com,"zA7,f#IVJoB",cproudlove4p
171,wpreskett4q@angelfire.com,gF8_2~n/o(o0cF,ibanaszczyk4q
172,bditts4r@imgur.com,bS0}r7iioC,keyden4r
173,gcarvilla4s@who.int,zK3/r>h9B,hneesam4s
174,gmoar4t@tamu.edu,sL8>.2j*7ft,pcellier4t
175,pbarnes4u@google.de,jF3+x0u\S&ri$j#,tmerrien4u
176,bprin4v@stanford.edu,wG5*5hbtkPeYN=,gscones4v
177,hiacovozzo4w@cnbc.com,oQ4+`IK=XZc(oH,lwanell4w
178,kcrauford4x@seattletimes.com,iB7&Jr!B,hsmoote4x
179,cbaddam4y@webs.com,kM2%LEHJ*,anafzger4y
180,wtace4z@cnbc.com,"cE6""5Iwzf)'aH|",mcocke4z
181,ccoveney50@kickstarter.com,qL4?iGFG,mkybert50
182,ncogle51@blogs.com,"fV5<|dE""1",bbluschke51
183,ewharlton52@prweb.com,yO0`MOd4*KA,gyokel52
184,kbullus53@seesaa.net,zR2+68B2qc2h_,dyuryev53
185,fmarrow54@google.com.hk,uF0~}o!M,skeijser54
186,jbice55@ted.com,wY4.p)A&wPPQ,efenimore55
187,afinkle56@squidoo.com,"kD3<""x7ZIyVgdh",pmcbayne56
188,qmerill57@bizjournals.com,"nE9,!\nyVduK",wjanway57
189,pcolomb58@home.pl,uK0%hF|od,lmacdonogh58
190,mbolens59@alibaba.com,wD6|+/p37otCR,ecastagnasso59
191,lbourke5a@tmall.com,hB4$'Fi7C$<|Z,hcamock5a
192,ldurrant5b@tripod.com,kC1'<jyDVabo,ggribbins5b
193,gfilson5c@nps.gov,zC4`.za5Z`f,citzakson5c
194,bbaxandall5d@4shared.com,xX7{`!{LF,ecarlon5d
195,omatic5e@google.cn,hO4`!EV@4Iq,habisetti5e
196,lbefroy5f@feedburner.com,qM0?C`n0k.z,gpellissier5f
197,avales5g@vimeo.com,iL8%c*9s,byarr5g
198,drendle5h@ameblo.jp,lA7&%Zml+mX,kkildahl5h
199,sbidewel5i@weather.com,cD2?c}vzW=0ACu~,bcharnley5i
200,lruprecht5j@cbslocal.com,dQ6<D_l{ldthcI,tskottle5j
201,bkaman5k@mtv.com,rH7/EHB_P2WIcam(,ltimby5k
202,yleopold5l@tiny.cc,zR7=7W@e2K$,epetrik5l
203,medmondson5m@myspace.com,sA2=<R#HD,fshackleford5m
204,etailby5n@techcrunch.com,sA2>v%XsY,aoshaughnessy5n
205,cdzeniskevich5o@plala.or.jp,kQ0?oT*vK<WOY0a,wglyne5o
206,jmulvihill5p@i2i.jp,vE2$B*\uH&Ln|,kassender5p
207,wabad5q@pen.io,dR8!GDnd?/4,dgritten5q
208,rverden5r@zdnet.com,vZ6>3{&r`oXy{gc,esture5r
209,vminithorpe5s@berkeley.edu,"nK7{T4.bQ$/y""8E",fceaser5s
210,apulster5t@nydailynews.com,jZ8.cQ(~{=kg|tg4,ndeary5t
211,nmansuer5u@people.com.cn,"fX9$$K""O+5wKpk",shurley5u
212,ocurds5v@blogs.com,kZ6?%I'tEggwB9T,anickless5v
213,lodlin5w@theglobeandmail.com,iI2~E>Cu'rClDub,nsackur5w
214,zgieves5x@constantcontact.com,kV8/z4o@b,mestrella5x
215,dcarabine5y@live.com,"jE8,9G%16@j",dmaliffe5y
216,aciotti5z@is.gd,kU3?P3QWA?T}m|s,vmerrgan5z
217,vpurrington60@archive.org,"iP6#X4I""p5wT!e0",aspeak60
218,mbaddiley61@wired.com,gP0~60Mt#&uLeoL,aodger61
219,agoodfield62@squarespace.com,"vN0%|g""hum",uatwell62
220,cchiplen63@answers.com,"oG0+s&"">#*?s0NlJ",kcrasford63
221,rnuschke64@domainmarket.com,nE0`S1k=,egiberd64
222,dgame65@163.com,fG1(*0SYKm0m|,gstair65
223,bwakelin66@slate.com,gX8|mTDY#X7,drohan66
224,nfranzen67@salon.com,mP4&=*4g)o,wmaddick67
225,blondon68@google.de,hW5#sM|)5L#6df,gfouch68
226,gspikings69@businesswire.com,nR4|o`mY,hkenwright69
227,ecanon6a@blogtalkradio.com,tB3}mLLq3Qyj$0*$,rhedworth6a
228,pmiddlewick6b@about.com,bK8&A8.}5bA,ceisenberg6b
229,rcherry6c@freewebs.com,xG4/@=.UJcC*m6X?,vjeanenet6c
230,lpoulson6d@yellowbook.com,kE6~j+1ndja,cmaxweell6d
231,krobinet6e@cbslocal.com,"oL1<Z9rF3am,K",gfearenside6e
232,rchapiro6f@theatlantic.com,fH1&#}|CN|G,ttheriot6f
233,jdecastelain6g@examiner.com,"dC2`~*zC""s'Kt",gsoutherton6g
234,cervin6h@hhs.gov,lC7.LdlO\`cL7=V,bpicknett6h
235,blukesch6i@ebay.co.uk,aO8!66c6kD<DRJ?,rweafer6i
236,tsaker6j@surveymonkey.com,zO1=eU@6OR@8,vmault6j
237,kjirka6k@oakley.com,oD1%2%y+}T,erennox6k
238,pmacrorie6l@yandex.ru,"mG6,I9neZT",tvanderwalt6l
239,jlytle6m@lycos.com,iE8_6Rf(z,kwegman6m
240,clashley6n@msn.com,bV7_!aJSVWPRK1$,hmacgowing6n
241,ihatcliffe6o@dion.ne.jp,fM3<5O{44j'FiYq0,bszantho6o
242,emckerron6p@artisteer.com,"pM2,\&jP/",hshillitto6p
243,bweddup6q@sakura.ne.jp,"rZ6.tyf""gwq",wfriatt6q
244,rrochell6r@gov.uk,pQ2(b?S}?,pmacleese6r
245,lreddlesden6s@list-manage.com,pS9@sx'8(GtjZ,bvile6s
246,nvian6t@ehow.com,eN1}%af&Lk47ey@,wfontelles6t
247,tskone6u@sohu.com,"vG9,27<RR$G0",jpharrow6u
248,alegerton6v@discovery.com,uC1@wwNzgs)+V.<e,cdearl6v
249,ljobbing6w@mail.ru,qO5|j>%>K5,ebogeys6w
250,ehayball6x@bbb.org,xS3}t7nG@{VDWzvv,renticknap6x
251,rwelland6y@so-net.ne.jp,wZ6?h88Or*=,dcopins6y
252,fcurrum6z@soundcloud.com,gI6'VY!i><',jeschelle6z
253,jblakeman70@so-net.ne.jp,"wX4+\\l`""a?",lmorilla70
254,wscollan71@patch.com,pU7<=b5`WW4(+,jbirdis71
255,bcomrie72@nydailynews.com,nN7*ejEa_,coakenfield72
256,mskaid73@goodreads.com,uW2}|65CkwQ72.,dferrario73
257,cdinapoli74@1und1.de,xI0!&P6+~,khutchens74
258,ysuttle75@oracle.com,zT8'PZz`cmP,vmcvrone75
259,yjanuszewski76@tripadvisor.com,xM1?xsko%gbB,balekhov76
260,lbraams77@unesco.org,gM4+FZGP$'q,hastlatt77
261,eworton78@about.me,"jN7$Vfi8p""H\L",ahandaside78
262,cconduit79@51.la,rN5{<|G29,fsloat79
263,ferrichi7a@ucoz.com,oZ2>>O<q!A,mmauger7a
264,bvinck7b@soup.io,"tD6,n1784MW7mGo",scowe7b
265,calster7c@mit.edu,yL7$03bvw>yDHz,hpavyer7c
266,tvonwelden7d@google.co.jp,fI2>3h&%,gnesfield7d
267,rmattek7e@columbia.edu,vM9_E4ep_%,rwimpress7e
268,mlarking7f@spiegel.de,"gY7.""y~JE",afieldgate7f
269,obothe7g@devhub.com,lE3'nygt3YSz_j,ategler7g
270,mglen7h@51.la,xJ6+rkgV~L,tspadeck7h
271,krudinger7i@networksolutions.com,vZ4>us73,gboards7i
272,dkaubisch7j@discovery.com,"pA1""x+{6",bpococke7j
273,dleverson7k@discovery.com,oY5{'aA7>RzDD$Md,jlafferty7k
274,rjosupeit7l@go.com,oC1?00H!EopNr,cstaniforth7l
275,fshine7m@umich.edu,kY3)sJLV*_Rkt,smorrieson7m
276,cpuckham7n@free.fr,"dH9&u""3#I~&Y",ubudnik7n
277,kolliver7o@cyberchimps.com,"jR4""8I\.(7<",bvelten7o
278,owilbore7p@squidoo.com,"hU8""Gm<dh",maspinell7p
279,madrienne7q@wikispaces.com,qD5?0IG@+Pk~'!Y,npearmain7q
280,carkwright7r@toplist.cz,hU5#zg?HJ@'3M`<,jmorsley7r
281,aweildish7s@nsw.gov.au,zU3_w_E8{@{9,rhaglington7s
282,bbunworth7t@paginegialle.it,xD5>q2aga|Oo@YOO,wpedlow7t
283,scashell7u@slate.com,vC3#*jx+X,fcoorington7u
284,jcaines7v@oracle.com,bU7'>QI`Ha?{,tpetyankin7v
285,bhuthart7w@usgs.gov,vK7`A\}CdQMZs,rbarrack7w
286,lhalling7x@godaddy.com,xG1|nZzm>lrmK,ashewry7x
287,adasent7y@blogger.com,dP9/2qEJ3iN$f\,hdockery7y
288,sdancer7z@webs.com,oM8\\T@hg~c,ocarolan7z
289,sgatheridge80@google.nl,kN3&CVs5Ta2cY,bgorler80
290,hbeckford81@symantec.com,uC6>Uc3o,ltheriot81
291,jsantello82@ocn.ne.jp,"qD9},`.TbvV$",mmacane82
292,lcordeix83@house.gov,"qR0{nxwDTmcR""Yq",mkix83
293,thumfrey84@nbcnews.com,aN4?z>v?,cbertl84
294,fjereatt85@booking.com,"mA9{T})>='%""UZ",mscarrott85
295,rtramel86@imgur.com,fP0\3N2!wf_,ubadby86
296,ilarrington87@nbcnews.com,xI4\25'Y1,jbernardini87
297,tnendick88@lycos.com,"wO6$vW*_4J9O,",ababer88
298,iantunez89@deviantart.com,kC5!JeLn>,amatousek89
299,ccade8a@netvibes.com,rN9\m7eycuIq,apeabody8a
300,nlanston8b@samsung.com,gG1*!W?o8|ATm|G+,acradock8b
301,mmannooch8c@ameblo.jp,"oH2~!\,#sH>T",eemmitt8c
302,ralbin8d@opensource.org,iN4|wWdXb@W,fsallarie8d
303,bkeir8e@vk.com,"eB6\3A9}""J%u?Q",rfaldo8e
304,cyakovich8f@ft.com,zS3{_84(?&_,owhillock8f
305,jserjent8g@linkedin.com,"wK9,hj=0I)`rtn$R",limorts8g
306,ieccleston8h@japanpost.jp,gH7!#_\~`Zv`C,kpassmore8h
307,mseville8i@fastcompany.com,dN8&>n.IC,jbrimmacombe8i
308,dtrustie8j@weibo.com,lZ2|~Efv,kdelieu8j
309,msutherden8k@mashable.com,nD2=3IWaXY,apowles8k
310,vfaughny8l@issuu.com,mL6%.st<c@,hcornilleau8l
311,nconaghy8m@tinypic.com,yA4&=_s',sblincow8m
312,gmourant8n@oaic.gov.au,vV5=H*|(FIkA{X,dparramore8n
313,mbowry8o@smugmug.com,aK0_sI\#lk,ylyttle8o
314,mhuson8p@jugem.jp,"bT2!7n_,3t",lshrieve8p
315,fbines8q@woothemes.com,eF9_lIVwECZL*A,nbreagan8q
316,lbyass8r@drupal.org,rA6?~4FX{5b'tq,rkingh8r
317,nedsall8s@theguardian.com,kS1=&0CGa<X,vcapp8s
318,mthomlinson8t@com.com,"dL1,E%U/`Lml",dharsnipe8t
319,eradcliffe8u@spotify.com,vU6~x*94,csilson8u
320,asteptow8v@sina.com.cn,"pM6$p4{""{ksT/{_X",nblackall8v
321,mpinilla8w@slate.com,"uE1,3""J8Lq",dsharplin8w
322,twiersma8x@free.fr,oC4=7o+.j1z5B,kbater8x
323,stwelftree8y@oaic.gov.au,"jC3+xgx5a8),p)",ballen8y
324,nlimming8z@addthis.com,oP7+Yh|K2\J,dpostans8z
325,iguerreau90@mozilla.org,eW4%pf{$6<u,gmesnard90
326,jmitchely91@webnode.com,aZ8$OmV~_WQ5n,njeanel91
327,ledmondson92@github.com,sY8(fqhJm,gwykey92
328,vdurant93@google.co.jp,pS1/?Px/~uim{,bstanesby93
329,hlaflin94@purevolume.com,"iG7=\o(|Q""z5?UV",ddoumer94
330,kmcgilben95@virginia.edu,rS8+zawL,msego95
331,dsulland96@google.com.hk,pJ4&(<p&*P6RZIiy,kthormann96
332,ctindley97@wired.com,"oQ0#{8)""`5U#@",bdehaven97
333,azelley98@washingtonpost.com,"yR1&qg<z""up=.",aomullally98
334,ssustin99@sphinn.com,xM4%$oaJLs2E6,ddibble99
335,rells9a@nhs.uk,rK5<<?nexwcD5j,vwordington9a
336,spoulgreen9b@epa.gov,xU3\##LQ(@,pclowton9b
337,fslimming9c@cyberchimps.com,eN3>riAR9,hdukelow9c
338,mwilliamson9d@linkedin.com,"gR3~lBC@,WA%MH9",kmurrill9d
339,emcgarrie9e@scribd.com,sY6/r=_@,cbremley9e
340,jhowell9f@cnet.com,"dD9_PW8!{=""*",cskillett9f
341,dmaccracken9g@weibo.com,uB9!&\vM>kFC9tHF,ljanatka9g
342,ccroxton9h@bigcartel.com,"qQ5(/""J?h2!rl+om",mvasovic9h
343,jbrownlie9i@nyu.edu,hQ4`EZMBhExA4i},gheadingham9i
344,bguess9j@biglobe.ne.jp,nL9<1sas,jdashwood9j
345,bmaslen9k@instagram.com,tM3}3k7@7,rbaggaley9k
346,ohaggerstone9l@paginegialle.it,"hN3.oBh`K""ry/uM",egocher9l
347,emingame9m@drupal.org,nG1~RyO+k,ginett9m
348,evasnetsov9n@paypal.com,hS4~o+v7kCAZQJ,cyankin9n
349,bvalois9o@psu.edu,lT3`b%iOvA6,smcgeever9o
350,cbaudts9p@symantec.com,uS2`Qi!e&1r0,ahawyes9p
351,jseys9q@miitbeian.gov.cn,"zI5+BWY&!<U=G""m",mpatching9q
352,dloughman9r@ucla.edu,sF6~D_R<d&mz/$1,fdelgua9r
353,ploving9s@epa.gov,aG9_upY37bnq~wi,acalderwood9s
354,bmckerton9t@china.com.cn,qU9{=xfQ,bcescon9t
355,spenswick9u@reuters.com,"xC0(0Df,jdI_`",kaldwinckle9u
356,smccraw9v@com.com,dJ1_gCe6{0*m,hhanwright9v
357,sshedden9w@icio.us,eC7'*lp6F~J1q,aakram9w
358,kdegnen9x@dyndns.org,rF1&)77?4q%uno,ghempshall9x
359,rmatschke9y@drupal.org,"sC9""O/QQM(gZ}gz",tflaws9y
360,ldabnot9z@wix.com,"jK2$3,y?''?",bgabb9z
361,dwynnea0@smh.com.au,"tU3~g""(LuyRq",nbillinga0
362,mhillocka1@usa.gov,oA2%8$s6Tiqe8Xg,yrozalskia1
363,shullbrooka2@wisc.edu,aE3~|T.QOkqX,vgrenkova2
364,msaurata3@qq.com,iI1(spXfW0,btiltmana3
365,bdacostaa4@php.net,gC1+{*7/NJ>J~tzJ,lkaplina4
366,rellera5@trellian.com,oR8@9Rp{bp?{z,ajacobia5
367,acawsya6@cocolog-nifty.com,iP5=bk8b>,mpoulstona6
368,sbalentynea7@washingtonpost.com,"yZ5,xzG+uWQeb",ahardingea7
369,bsinderlanda8@ihg.com,wZ6=OMRPh8,bprewera8
370,hskarra9@technorati.com,hC9{77fKI`,ykrolika9
371,wfallowsaa@vkontakte.ru,"zY2>*F?4""!=",dolveraa
372,krennebachab@google.pl,rZ8'RhB'`$yO90n,fcankettab
373,avineac@army.mil,mW2%8MYM}!,pthalmannac
374,gworkmanad@paginegialle.it,lV8#@MhFX3kH40,braead
375,aboerderae@tuttocitta.it,eJ2|MH5ZQuHv2,gempletonae
376,gbourkeaf@symantec.com,"yK2,k9)@R",sullyattaf
377,aevelingag@mapy.cz,vR7.<q}S~N.N,jstopforthag
378,tnaptinah@geocities.com,lE1!s\VQ0,glardnarah
379,lelieai@imgur.com,jJ9.`Mu\,nfrudeai
380,cvassmanaj@cornell.edu,lP9$6w\',ubaldoniaj
381,gokelleherak@sogou.com,qW5=Y?Z{z)_Hlblh,zpontingak
382,jtaylotal@indiegogo.com,eH3'Gnf&z@B}h6,jdyal
383,cbadgeram@slideshare.net,gJ5<h%MSB`@d%,ddaudam
384,rglasheenan@msn.com,pI0~}M1JbdV56AO,rgoodissonan
385,severwinao@patch.com,jD1.P<QX=E\6.*,gcosslettao
386,qwoodroffeap@go.com,"kO2@,\8P|&m",dquestierap
387,jdelaprelleaq@sciencedaily.com,jK3(M/f94rB$I`m,vchasenaq
388,tjarvillear@livejournal.com,rZ9&H't_P,jsollisar
389,gpyfordas@mac.com,"zT3_g,)S",gsydneyas
390,calenovat@w3.org,zJ5#bG`c,lleasat
391,chugettau@huffingtonpost.com,tI4|$C3k=<yU,pthakeau
392,apinnav@behance.net,"xJ9,FR{E72",hbasezziav
393,cstovesaw@arizona.edu,"cZ1|Ryfv""J7",mscawtonaw
394,ljendrickeax@goodreads.com,mD2(2}Qe4_sZ,wwhinneyax
395,dcolecroughay@bloglovin.com,"hI3,g|WS5*l.5",jfallensay
396,gtimpanyaz@amazon.co.uk,kP9`+Z1cH@NAjml9,mespyaz
397,jerickssenb0@jimdo.com,"mB7'`9TkX+yq7r,\",lgowdieb0
398,glowdeb1@newsvine.com,jD1*SO/X|iZ,ascandrettb1
399,kradbournb2@google.es,fH4~(vzhOHrH,chorsburghb2
400,kledingtonb3@wired.com,oO7*P8gLA/cKK,aoakebyb3
401,ckratesb4@storify.com,tZ4#E!3(oUR~68e,dtewelsonb4
402,dmereweatherb5@cdbaby.com,gF9}~=5t,ajeandilloub5
403,eyakubowiczb6@studiopress.com,vV9'u(kd,nribeyb6
404,abradickb7@mozilla.com,lW3*)`6@f`FCS`w,gcurcherb7
405,meusdenb8@shutterfly.com,bM0}H{icKHZ,cmacneilb8
406,kdriolib9@behance.net,cQ5+tQ(RSv,mlevershab9
407,amaccrossonba@histats.com,qG9.?r{3,ahamnettba
408,egablebb@nymag.com,yC8|1e<e,pgillyettbb
409,cregibc@economist.com,tM1)f?88Wq5~@bp,edeamerbc
410,igilpillanbd@ehow.com,"xX5%\""F9N",taltoftbd
411,dnelanebe@delicious.com,nR8\F34ogz>,eselfbe
412,aglavisbf@usa.gov,cK2|aAe|/?k6s,cstubbeleybf
413,pmissingtonbg@ebay.com,eL9)8>CK*$h4XC,gjazebg
414,wartrickbh@geocities.jp,vE4(NBV2,tparresbh
415,wdawksbi@eventbrite.com,mB7/40rKrS+GyOgX,dpetricbi
416,tkinsmanbj@miibeian.gov.cn,vF6+b'u0,hcossombj
417,lpietznerbk@theguardian.com,lX2`{Y0<QaPv_,rhurlingbk
418,bnairybl@photobucket.com,pK6>GbMZD9,hvegasbl
419,wrimellbm@histats.com,"zB0)2OCx""42)%T",vboswardbm
420,bwestmarlandbn@indiatimes.com,jH1{GHy$Bri,nholsteinbn
421,amcquadebo@meetup.com,bG5|XaP\,skemetbo
422,mambagebp@addtoany.com,lZ3*TX9Iej*L#FN,toriganbp
423,rbellinobq@nyu.edu,aD6>Z$bpwO,rbroggellibq
424,bvazquezbr@networkadvertising.org,"rX2_bY,p.vxI",hbrabbsbr
425,ppietruszkabs@barnesandnoble.com,sH3%OOFr&One$78=,lauberybs
426,bkemstonbt@nsw.gov.au,uB1}tLp52,fsitwellbt
427,lryhorovichbu@soup.io,oN0~BM#y`f,alackeyebu
428,ijewittbv@yahoo.co.jp,pG8*nA=YC~pMQR2,bsebyerbv
429,awiggambw@printfriendly.com,aX2`MG3T@y?n/nZV,agooldenbw
430,mbellissbx@independent.co.uk,"jJ6|b,p9qUdAsj*",mrivalantbx
431,jchurchby@nasa.gov,mG5*>DVlZXX,vrobertssonby
432,hgraalmanbz@elegantthemes.com,hK7.?Pa/,lmaytebz
433,troderigoc0@microsoft.com,zC5/N=B(ZQ`,ndrinkalec0
434,kwalkeyc1@upenn.edu,oZ7(Ej{2,kamdohrc1
435,ezannollic2@godaddy.com,"uU5(""gz1v",wwoodstockc2
436,bleishmanc3@discovery.com,dB1'THuXHEcSbv6,hbenezetc3
437,bmccroryc4@odnoklassniki.ru,vZ6=<}aT.FZGM,ccockrenc4
438,dhablotc5@bandcamp.com,jZ7)kitVwG.M,tallainc5
439,bhazeldenec6@constantcontact.com,nY4{sZP3,wsendsc6
440,meaglestonc7@harvard.edu,lN2(f'6HjG,ttwidalec7
441,mdrewettc8@google.it,fM4*y?&IM0f,abellchamberc8
442,aaickinc9@jugem.jp,tI0$X+N0ACq,fwichardc9
443,lbraunerca@illinois.edu,sF8@)AU@)My,vgrillsca
444,jgallercb@geocities.com,cT4&!oHJ,tricoldcb
445,dunderhillcc@domainmarket.com,kH3!n@zwIpRYnE,cfedorskicc
446,hdreelancd@yellowbook.com,jG9|<zV_+U{!,nshrawleycd
447,lhrusce@godaddy.com,kZ5'Qcdnq'QayF1,avequaudce
448,rmccolmcf@unblog.fr,eZ8#}NF?FSq2IqB,fdeningtoncf
449,csinnottcg@e-recht24.de,rE6\%/|e7%5,cbewlycg
450,khorsburghch@un.org,vX3$'\*',lknightsch
451,cegleofgermanyci@topsy.com,gS9?=!K},dquilliamci
452,ppickupcj@hao123.com,sB4\r=wH,wspencelayhcj
453,hblickck@tripod.com,uN2_QMWCin_~f0Oj,ccaytonck
454,fdroogancl@baidu.com,"vP2/W~__NGQE?Pe,",rnewartecl
455,rfrederickcm@w3.org,aW8?+d7d.=1$j,sleekecm
456,bdoxseycn@so-net.ne.jp,hZ7=0j57,fcranstouncn
457,mmyttonco@ning.com,sZ4%MFSYS'W<dyC7,stooneco
458,kstanyardcp@so-net.ne.jp,lZ8{VN)M,tspadottocp
459,srominovcq@who.int,"aQ0&""&0hn/tzm",dtomsucq
460,mhatrycr@friendfeed.com,rM5=pH5y,mjenningscr
461,rmarmioncs@nydailynews.com,xO3(xd!w(,rdalziellcs
462,hesmeadct@fc2.com,sZ1=p`)SBT,bprendergrastct
463,smacnallycu@ask.com,aX2@Hfq8@tt?Jb,ndohmscu
464,mleandercv@globo.com,"lZ5{,8Y>7uw""m",lcockneycv
465,nracciocw@deliciousdays.com,fS8`02Hi,mmainsoncw
466,fmocklercx@so-net.ne.jp,"cH3/za""ydC5qG1",cwalasikcx
467,hbantingcy@ibm.com,"eM0@2U6Yq,n",rpoleycy
468,zkillinercz@blogs.com,eL6&W0\@Z$0bD7`C,lcarinecz
469,gmabend0@si.edu,lT6}\FT1$8/,gwiperd0
470,hsowreyd1@fc2.com,aA5=~&~o)iOx&G,nvanthoogd1
471,ihuotd2@usa.gov,hQ3#NE2+_rF,codriscoled2
472,kjusterd3@wordpress.org,dP8{FcjZGo},khillumd3
473,tivakhnovd4@pen.io,wY0!2tlB,csawfordd4
474,lnannid5@va.gov,iP6%rJ635VYY,ccatheralld5
475,jgrocockd6@netlog.com,gZ9&sJbp),beddoesd6
476,ndufaired7@photobucket.com,"vQ1""Zfx&bx""i",harkwrightd7
477,ssaled8@simplemachines.org,sH5_O_$*LrC?_,obulleynd8
478,kfayerbrotherd9@ehow.com,zF7>mQGp0M,lgamelld9
479,oastinda@gnu.org,uX9}h9.E$aoJR}r,ppriverda
480,lvandecappelledb@360.cn,"pF2,'GDanteu#(",ccuttindb
481,cghelerdinidc@disqus.com,"lX3#l1o%.xf""Q",kpithiedc
482,rlapworthdd@clickbank.net,fD0~18=OP*<6$,bkillickdd
483,nphilpsde@trellian.com,hR3\lN@)WmAtb%,mgreenode
484,phellendf@qq.com,hV4)hg/$y0G1Vqa4,sgalegodf
485,pbusswelldg@huffingtonpost.com,pE8@/{<tK,ghelwigdg
486,brebertdh@techcrunch.com,"wF8=Y,1#g&.b_",bstallondh
487,llodderdi@ft.com,tX7\}5dh68<,hseilerdi
488,jmarchidj@yale.edu,iX9~kkaflk\,sansleydj
489,cbernierdk@trellian.com,oT5`x*@I5'7~QT,ssudworthdk
490,thalydl@guardian.co.uk,"aR0~D=yt*Q,X",jstolldl
491,nbraderdm@naver.com,"uU4,+#7)!D5I?\i5",gwillshiredm
492,reddollsdn@craigslist.org,kM0*m$lj,keulerdn
493,aaparkdo@google.fr,sE4+J&EW!+N,ajonesdo
494,frisboroughdp@japanpost.jp,oV3?%G/9k}!eHq1,bslatedp
495,qharsnepdq@paginegialle.it,oE6}wl`UXS0kh#z,hheapedq
496,hmountcastledr@pen.io,xD6(KRnVc+#KR,epetticrewdr
497,llilleyds@digg.com,bA7@Y!Mk3Y8i8!,jscurreyds
498,usearsbydt@scribd.com,mO8%QsW8._Aoh>2l,fsmorfitdt
499,jgingerdu@tumblr.com,"tR2/,|n+_",kotridgedu
500,ggrzesdv@webeden.co.uk,"nC8+i~N?""*gLU2?!",tcuelldv
501,ntalbydw@mac.com,qC9>Le{.,bgarrattdw
502,hhedgesdx@blogtalkradio.com,mH0#@2YK\hWd15,rpochondx
503,cposendy@alibaba.com,sJ5`C5OZ,dmclaughlindy
504,kpickerilldz@hhs.gov,"mV6""db>o}|",emccoughandz
505,dmacpaike0@free.fr,lH8(p?QL/%{,vcrewese0
506,efawdrye1@is.gd,"pM0,ZU,!nc?(",cdevale1
507,kgreenliese2@alibaba.com,vV6(c.f{6sc2=,sminthorpee2
508,jalbissere3@harvard.edu,"mA8+u,R,pJa#",bocridigane3
509,nsawere4@pcworld.com,fT6@q%RnL|)}nZuF,dridpathe4
510,smccarrelle5@multiply.com,dU0<G8e2Xb,ttroctore5
511,npratchette6@google.it,fD4|4*&12\7ZxM?,dsizelande6
512,lkeige7@fc2.com,zO9'otnlS,kpendrede7
513,vsidnelle8@rakuten.co.jp,"zF1\,Prv",ahiorne8
514,bbackwelle9@discovery.com,eH4\/%_Oy,icasirolie9
515,fspelmanea@imgur.com,qC5#PS9Tn,srussamea
516,nfluiteb@time.com,qP3{DdkD@!ndxbxM,agersoneb
517,nsevernec@wix.com,iJ7}+$_q7EvOA,tbaffinec
518,cswaingered@booking.com,bG0%dFFIT7Cg'|$,zgormaned
519,ccholwellee@mapy.cz,gB2>1M1RxH3,jvipanee
520,ddaryef@prweb.com,mK2~v5m0,sblackstoneef
521,eturbilleg@nih.gov,xJ2'3r{('xxftR',bdibleyeg
522,yvyvyaneh@google.cn,qZ1~H?6&c=$8,lkleinplatzeh
523,kstickfordei@github.io,"lK2,D@FAU`SKgqR",tpatridgeei
524,wbrockieej@admin.ch,tF3?wY~V'p%4,crouffej
525,abattertonek@ucoz.ru,rA1%%K6VsGdy~Q,bdagostiniek
526,wbeuscherel@engadget.com,qO3?U@vqtD}j,gmothersdaleel
527,evannucciniem@sciencedaily.com,kB1&1ZQX?w8GM*(2,kkeepenceem
528,tcurgenueren@seattletimes.com,tY5$E2`JI,drichardeten
529,jwelberryeo@google.com.au,uO2.PMV>D,kgiamettieo
530,bdunbobbinep@godaddy.com,oM6@p9qAxEg?,dcorrieep
531,rmahareyeq@discovery.com,"fU2|o*i""/$ZT",bderxeq
532,lgayleer@fema.gov,dY0$2h8B={%QQ.D,bflintoffer
533,cwhitakeres@hostgator.com,fI3\Gk'oj,mgiovannellies
534,kduckinfieldet@google.pl,cW2'I9i/,mterrettet
535,etohilleu@youku.com,qV9('sjR8,ssauvageeu
536,glimpertzev@symantec.com,oE6&$'6sq{,iumbersev
537,cgluyusew@rakuten.co.jp,"bN3\GT,*P0ep",cbloreew
538,egauntlettex@freewebs.com,"iB4{0~z""{*",klatheyex
539,santonomoliey@gizmodo.com,iV1{\$}|gS,bcoyleey
540,vgreedingez@cbslocal.com,sZ0.llt44W64,vbrindleez
541,sphilippf0@cmu.edu,nC3.6/e)|9Z8vk,mromaninf0
542,rfraczekf1@bravesites.com,eA2%j'Fj4H,jboatef1
543,wposself2@php.net,vT0.+O$ug}Z,cemmanuelif2
544,bblockwellf3@diigo.com,pA0?JfKP_Ph>\7~,cleasf3
545,mstearnf4@posterous.com,zK9{8DF!AB,bkortingf4
546,bgadneyf5@vkontakte.ru,xC4\1RO5F,dhannamf5
547,kgruczkaf6@reverbnation.com,fE8|_N\a,ekindellf6
548,clammertzf7@mediafire.com,"bL9||,7|",aabelaf7
549,ekordovanif8@tamu.edu,fS9#xfxXT&Z&$J(n,epipkinf8
550,hfordf9@amazonaws.com,vY0@UtAqqqp*,ltethacotf9
551,lwoottonfa@flickr.com,iE9@mf0V65_,pdugaldfa
552,gpogefb@jiathis.com,xK3}/\5<#6b~%,gskedgellfb
553,ssellersfc@salon.com,iD6@'tWr#l7.,klagdenfc
554,qdibleyfd@webnode.com,yN3$#{w?#D07,dhendonsonfd
555,dcaushfe@xrea.com,"gH3'"",ow",fbeloefe
556,ptraceff@yandex.ru,"uY4""4c`&Z_yV8|",gwartonbyff
557,icrosierfg@fema.gov,nQ0\5!mj_,ioleyfg
558,ldallowfh@sciencedaily.com,kH2)C+RGI1B'./+t,qspilsburiefh
559,rtippertonfi@disqus.com,"uS6!~Z#J`@7Gl?m""",wmccoishfi
560,mavelinefj@slashdot.org,eP7=~5?JS1w,bleberfj
561,cstendallfk@domainmarket.com,sX1<uVF76,ppoggfk
562,rjanuaryfl@walmart.com,"bS5,9d<>`g",lbernocchifl
563,cvysefm@sourceforge.net,uG4`RNX*7aPUE<z,emcareaveyfm
564,cmixonfn@nps.gov,fB2\AJnxo#A~NPZ,pfranciefn
565,aclymofo@latimes.com,kT7=\i!oRn,ltuleyfo
566,mackenheadfp@bandcamp.com,dZ1(OspS!P(Ow2,agraftonfp
567,gcardingfq@irs.gov,"jV4,""?E~",mlingnerfq
568,ngerberfr@mediafire.com,hV2+1Tf4O2yjBs,tborsayfr
569,htraharfs@live.com,xB3(<U$BFfNY8%,uwilflingfs
570,sterzift@behance.net,xF8_Ld5Xj2,rorrft
571,wturfsfu@ovh.net,gA1$?obm,cclifffu
572,rburnandfv@statcounter.com,"wW7%9Y,C}!eWy",evogellerfv
573,lgarlettefw@archive.org,uD1*zS{l,dlacrouxfw
574,msambeckfx@soup.io,nO5&R1wpJ@zOJ~,riltchevfx
575,stullettfy@wikipedia.org,"oH0>_8W""0x8\D",ewilsherfy
576,ppowleslandfz@bravesites.com,jV3/J'R3E,atyriefz
577,jtomsg0@state.gov,"pS5,4hM*PU9N&",elivardg0
578,acuffg1@reference.com,zG8|Ma<SDafk},sivinsg1
579,ptumasiang2@goo.gl,qS0+*<!R0hJvQ,aomurtaghg2
580,nfesslerg3@jigsy.com,pY4}Z)aM#BoGuy,omckinstryg3
581,nsenechellg4@home.pl,oO9%K>{LV,lgoodingeg4
582,mdundong5@ovh.net,vB3#>q3JB2ZlY&k,ghounshamg5
583,mbraunfeldg6@squidoo.com,lW2|E((Q,sdykeg6
584,kmcgroryg7@oakley.com,fT9+u>|Y0,hjagoeg7
585,xcatmullg8@blogspot.com,rI6~rqq>iQ*2=g,dgladdingg8
586,bposselwhiteg9@4shared.com,wF0?#mNt,ncastilloug9
587,aethertonga@latimes.com,wT1/Oh>kCJ3tz,mrubartelliga
588,ccastanaresgb@fc2.com,rL7}%!Fl.q4w,vzamudiogb
589,vmorenogc@hostgator.com,dG6.x(E}D,ggabbatgc
590,pbarchrameevgd@nationalgeographic.com,eZ9%TB_+Pmb,wjervisgd
591,mdelascige@stanford.edu,fJ5/8P{s.9,kmurchge
592,blabbetgf@yelp.com,jB9%898.}6f8<n,jsuddellgf
593,bpincottgg@godaddy.com,kM5%NBK`OE,rconachiegg
594,egoodreadgh@nba.com,oE6%okwo,dobrollachaingh
595,fnevegi@sakura.ne.jp,"iU5=,M*jWY*S(5j",hyushkingi
596,asunnersgj@cyberchimps.com,mL4.*<b}Z9+L\e,gbentamegj
597,adrewerygk@constantcontact.com,kB8{EoF'8PL,jshaddickgk
598,losbistongl@netlog.com,"qA9#lNZP,Us",fmatyasikgl
599,cguthrumgm@cam.ac.uk,"bA7{k'q\{XB+9h,o",obloangm
600,dgilhouleygn@wisc.edu,"fA9/O/,s6GK6dT",myategn
601,nlomasnygo@sourceforge.net,gY8$#Pa}js4lP,revergo
602,jclethrogp@360.cn,"mE3""Fa1}r}",cwillinghamgp
603,hsimestergq@mozilla.com,nR2\Uwfz>kY,rdonngq
604,fcornelissengr@google.com.hk,kZ1=enB`3kz6,vgiabuccigr
605,jpeplowgs@xinhuanet.com,xF5=525@,msqueersgs
606,ntofpikgt@cbc.ca,cY3#aFSgikF$5,wcarriergt
607,mhaggidongu@icio.us,zP7'.xe)`G4>Yr,mcreergu
608,lpawelczykgv@mozilla.org,tN4%Tv%uJ,mnarduccigv
609,rsimonetongw@indiegogo.com,hA7~3UBSfb9nt.,loffillgw
610,lgisbeygx@yahoo.co.jp,jO8>l=zw(\Z,bcoveygx
611,dcrimpegy@barnesandnoble.com,"cO6.?3i,4Zo",mmealinggy
612,kstennergz@slideshare.net,"fP8\~d3""C'aVy",fbarcagz
613,ehugleh0@php.net,zH9.&WezRSKBHnk,mwoloschinskih0
614,sdowthwaiteh1@cmu.edu,oJ2!0Rmu(8J,jmilah1
615,gforestallh2@home.pl,kM1@D)2toCc,bquillinaneh2
616,nstareh3@odnoklassniki.ru,pM0<stZo,eallinsonh3
617,asannesh4@auda.org.au,yI0~M2\/m,lpalekh4
618,sbamlingh5@timesonline.co.uk,sQ3*pRAw6YSJE3&M,sduckeringh5
619,fvaarh6@live.com,eP6<#G!|>'(jQ)F\,cschonfelderh6
620,skeableh7@samsung.com,zH9=eKFK,isepeyh7
621,bdavioudh8@sourceforge.net,nC6<f6/.2L,dbraynh8
622,wquinnellh9@msn.com,sG2{jjW_xZNxKx,mthurlbornh9
623,sfarnhillha@zdnet.com,yZ3=R\=h>4,mdebruijnha
624,jheijnehb@admin.ch,"yE5,,|4!/YU",mjewsterhb
625,nannicehc@goo.gl,pA8'y5i'RZ,wbyehc
626,dloeberhd@amazonaws.com,gW8%BlbZW5yl,hwanneshd
627,gfinleyhe@google.com,"qN5/<im,XLtLU8aD",lduddlehe
628,mhaslenhf@gmpg.org,uE6)+N$`/C2M,odrinkhillhf
629,fleetehg@wisc.edu,cX8/GIYO,tstithehg
630,ktalehh@imdb.com,"iS7,/l4\BvT$IC",obalkwillhh
631,jwhistlecrafthi@google.cn,zL7*bsTB,ahuebnerhi
632,gambroschhj@vinaora.com,fL9*f'fV*`<XD2,phebbardhj
633,cscurmanhk@jigsy.com,"pT3""s|4cwi",tmerveillehk
634,kkibbeehl@msu.edu,kJ1'=6'XHB)u,rtieshl
635,ftutillhm@patch.com,yC0(Xvd$)Fvwq#?,mballinhm
636,hbroadberehn@paginegialle.it,eE6/h+VJp8,hlongshawhn
637,fbellissho@japanpost.jp,sB2!ov>E5_cXKqf,jrusheho
638,khaslenhp@thetimes.co.uk,zT5=D#?S6,clervenhp
639,alenthq@admin.ch,hZ1.8GgdR,pluscombehq
640,kandreuzzihr@ehow.com,vC2).x6KNK|IJO,pkorpalhr
641,amillbankhs@homestead.com,"uT7*7D1)Ui""\Y!",jlinklaterhs
642,mwoodburnht@patch.com,iL2+(vA4}{||,smathisht
643,minnwoodhu@tinyurl.com,xL7$)XIu!,dbeddardhu
644,gcollingdonhv@foxnews.com,iZ7`c)>yS~Fa,lolivashv
645,hshuttlewoodhw@so-net.ne.jp,bE8{2{N*U(,dcumberhw
646,ipaviahx@indiegogo.com,lB7~vzYj5)ZB~,clivetthx
647,battewhy@cam.ac.uk,vZ0{iDy(~>%,cjanehy
648,rsterrickshz@nsw.gov.au,"yJ7`N&Kw#dIL,$",aaindraishz
649,gkaspari0@noaa.gov,kO9~2fw>!3V2,rstoneheweri0
650,aduguidi1@rakuten.co.jp,rJ9~V+P/5{s.!bN+,cpophami1
651,lzuponei2@dion.ne.jp,oT0_E*ma,dtweddelli2
652,tmaggiorii3@google.co.jp,wP9&_M~e8,mwillsi3
653,lbyrdei4@toplist.cz,"uG0""`'gw<}",bdaverni4
654,mbrownleei5@merriam-webster.com,zW9%C{N5gN,rcootsi5
655,asmeuini6@dmoz.org,jX2|B$&r/}`H3f,ekingmani6
656,ndetheridgei7@comsenz.com,qJ1{M4x5*w'3q,breynaulti7
657,rgaigeri8@mashable.com,cW4/'jJH,cscrowbyi8
658,pfiveashi9@cnn.com,"jV4(tU,pu!jgD",staffreyi9
659,gcurteisia@ehow.com,tK0?$KxBD~hi,mvonweldenia
660,jbullerib@sciencedaily.com,bB2#j{8W|)qx)h_,mjenkinib
661,bvoffic@slashdot.org,xB5$Dc|Fjn6XV,npainteric
662,plonginaid@imdb.com,yG2>A~$*+m,gcottrellid
663,jpetticrowie@posterous.com,qQ9%o&P`i,flambotinie
664,gkunatif@adobe.com,uQ4+=ETx)Tt02c,bbrewittif
665,gaizikig@unicef.org,mF4#m)G},fnoahig
666,egilfordih@wikimedia.org,"mS6,v3Utp}}p}'",abeafordih
667,nmaddockii@wired.com,oY2'dSLT56YD,ekeaysellii
668,hpaddockij@bluehost.com,"sB9""Mo~.",jfruchonij
669,jallbutik@delicious.com,uP5.3#O!=FVNi,slingardik
670,mnesbethil@bloglines.com,wK7@ZI%!{~JP,jhollingsheadil
671,mmccullumim@g.co,"nC7#1e0""Ew<L\dr",ademorenoim
672,sgrabiecin@clickbank.net,cR3={>1(A>%?SpKr,mskrinein
673,efauloio@tmall.com,gN4&+I7(=`R+><,tlujanio
674,eedgeonip@gov.uk,iG6'vuLmN8%Tu,kscrauniageip
675,hloveladyiq@phoca.cz,zU4.UJwIL,vrissomiq
676,cstolzeir@time.com,uX7?8qzk/,kbinghamir
677,njorgis@icio.us,wR3*z{z>~?,mhatherillis
678,mschechterit@w3.org,mD2?Af6.GKw6,ddarlestonit
679,hosheeriniu@yale.edu,dU1/Pn2$Q!lpq,alambregtsiu
680,cmeaseiv@unicef.org,iR4(zjaKEB>Q|,sbaudinotiv
681,wwhistanceiw@unc.edu,mN7*4p.)E,lolivellaiw
682,ldenisetix@walmart.com,dH5.dIVWXk|,cfreemanix
683,vjikovskyiy@stumbleupon.com,bX9$?N`4X`,jrichardeauiy
684,rwisniewskiiz@admin.ch,sH3)b'0mOBG_,dmackibboniz
685,pneylanj0@exblog.jp,bV1=lk7Z,hdefauj0
686,mcharlonj1@house.gov,qA4/>?d)GT,lswannej1
687,adonglesj2@uol.com.br,"xM9*n~""Wpt},QiQ",llowrej2
688,cetherseyj3@irs.gov,"aJ0""b|P?G",mtroutbeckj3
689,hfeatherstonehaughj4@princeton.edu,mE3#XU=!6!,tyglesiasj4
690,sspowartj5@livejournal.com,mC5(*m+Wd,ccawthornj5
691,prochesj6@twitter.com,xI3>XAhBOV=Bfy!j,rdumphyj6
692,demblingj7@psu.edu,lI4~)'Pnzw7=)km,pmateevj7
693,gnormanvillj8@posterous.com,"oG3,Adweu$nUR",bmoxomj8
694,scloneyj9@csmonitor.com,mT7$?KOo}{+SPw,holoinnj9
695,whargittja@wp.com,rU7!Bcqg6cT?,djeskinsja
696,ckeesejb@mapquest.com,eK0!g4?%G)H,dmcgeouchjb
697,rpepineauxjc@toplist.cz,"sW3}K!a,38I2Y2$Q",nlathyjc
698,sspillardjd@cbslocal.com,xH1'.U=&8,ailchenkojd
699,bsimkaje@etsy.com,wM9`H4W_Sqv0,dbuddingtonje
700,dsambalsjf@chron.com,mP1)Z2yHK5J2u@|d,rmattityahoujf
701,lhaydockjg@live.com,"aE7.qV`a~7i'zL,",nwigfieldjg
702,lsproulsjh@mozilla.org,aN5{6FC5,ggareisrjh
703,tgrzeszczakji@economist.com,xS3=?=IQKRj9,rkingdomji
704,tconorjj@purevolume.com,sV2=ZSq|,aparbrookjj
705,deffordjk@devhub.com,"fJ6&AV`ND,j0",hhebdonjk
706,dchamberlaynejl@about.com,jI7*#b!K!lJ2K=,awindrusjl
707,oskillittjm@telegraph.co.uk,qT6)6Twnl#q09V{,ddabournejm
708,sheinerjn@php.net,kD1{\ud5}3\,hdanisjn
709,bhardenjo@alibaba.com,xQ3`C?|=I,hcoupejo
710,cscotchbrookjp@msn.com,jD7`t`NXA,gferroneljp
711,olamputtjq@friendfeed.com,oH3)9D`sby,cdallawayjq
712,nlackeyejr@bloglines.com,oY4}vWA*?lpq},ghalkyardjr
713,gquestejs@amazon.com,"yB9""MX9R",kstallworthyjs
714,msoaperjt@cbsnews.com,nY3#5T?9j$I+l,jlamblotjt
715,oelfordju@ebay.com,sE0/8aV@,mpargeterju
716,gshinglesjv@squidoo.com,"uV7+PBkQ~h""}W,X",pbendikjv
717,rsanpherjw@bizjournals.com,fV8@2VXepgP,mduesburyjw
718,torodanejx@sphinn.com,"fI6@#&\RsWwuJ,",efantejx
719,chamberjy@epa.gov,"dD8""i_}n4\",jworboyjy
720,mgreestjz@army.mil,zW3>6v#bth,wbortoljz
721,bborrillk0@bing.com,"yO2*%cS~R""=/",sdoogk0
722,cantonomolik1@ebay.co.uk,dJ8{)A(oj4.f,ostrettonk1
723,dwhewellk2@amazonaws.com,wD7%4sbIQT,rdrancek2
724,hhextk3@taobao.com,"eJ9,""8Y&w3)p",ibastink3
725,dtwiningk4@nydailynews.com,"sA5`qd3|,|Q",dohanleyk4
726,rgandleyk5@histats.com,"oB5@""TD$'<E=d",cgrebbink5
727,lcherriek6@is.gd,"eC0""LCOD@",awolfersk6
728,tdandok7@mysql.com,"tC4,uyF~LfZ",gtutillk7
729,vmcgeffenk8@chronoengine.com,"cC7!|j#+!Nc2,jj",dhintzerk8
730,icoakleyk9@is.gd,wU6>SV.4w7tpi,jrubartellik9
731,aondrousekka@ehow.com,hU8}gt(YOlZK=G,mcropperka
732,tmoultriekb@unblog.fr,xW0+o$HpX=A{6',jpropperskb
733,gplumtreekc@instagram.com,tH2!Qlvoh&D,bsineykc
734,rmattyskd@shutterfly.com,vH5~~DG+xJo0U7~7,drumboldkd
735,atolerke@myspace.com,"zZ9*0n)Idp#,tI",uguitteke
736,ckemsterkf@gov.uk,"rQ8=SH""uE\",dseiffertkf
737,pdraggekg@ebay.com,wQ8(%RkV707V,fcasserleykg
738,hfessbykh@dedecms.com,zQ2?j?{R4\NJ1E,drelphkh
739,sambroiski@indiatimes.com,bO3=#YX~BV,bhassallki
740,ivanvuurenkj@sitemeter.com,lO2{9U.{I),ccadanykj
741,jmocherkk@howstuffworks.com,nI1@Ws~!D98k<I&N,bcogleykk
742,jbernonkl@tripod.com,cA5*+al\)`n,nbikkerkl
743,ebelleekm@aol.com,"pT7""8|t}IPK",cwoodstockkm
744,rmcgarrykn@kickstarter.com,vG6%({c)VL,scrystalkn
745,tlawesko@columbia.edu,dE7\CnThI{,sembletonko
746,dmeasekp@mapy.cz,lN3|y?x{,wstarbuckkp
747,ttolomiokq@fc2.com,hQ4&?FI$~+{o,bkenwynkq
748,wmeighankr@tinypic.com,xL9($73B7k,smcconvillekr
749,asmeetonks@addtoany.com,bT3~7V6DNE|G,tmalkinks
750,celcekt@amazon.co.jp,fN7&y11U,lmenslerkt
751,pchattelaineku@psu.edu,sJ7|9u|D&!c1,jbraksperku
752,mpearmankv@odnoklassniki.ru,zR9|YIqW&,mcarbertkv
753,brubinchikkw@cdc.gov,tV5{{t~>,fnegrikw
754,otatlowkx@sina.com.cn,pF4>Kbj+,lleicesterkx
755,tdarcyky@cisco.com,"gX4&8Pd*3S?`,Hx",fdaleky
756,nsolliskz@webs.com,mO7#LNmt3Ads<~,cdanilevichkz
757,cbirkmyrl0@walmart.com,hX9$Kj2eM_+lE51,dsofel0
758,dhawkswoodl1@webs.com,aT9||s'\4E,statteshalll1
759,sduckersl2@narod.ru,eQ5*7?z2,rrahlofl2
760,rdyerl3@booking.com,"kS3@*)\N,*E",vedgehilll3
761,kjirakl4@alibaba.com,hS6{QL$\,mtournerl4
762,cmacnessl5@pbs.org,jA4|A#t8>voU|!Q,lholbyl5
763,cofihilliel6@skyrock.com,tZ6%V@q7rS{4h,rhugoninl6
764,gletfordl7@cdbaby.com,tJ5#A(#x,ggoodfellowel7
765,dpockettl8@addthis.com,xL8|'rA?~*,ddemangeonl8
766,mknattl9@slideshare.net,tW2+nuT_Aymkb#Hh,kmcsheel9
767,cingredala@aol.com,"aF3=QgJ@@ZU,g6T",ctrencherla
768,rchristoffersenlb@ted.com,nB2\w_QWxR,tchaselb
769,apullingerlc@sourceforge.net,"rG6`Cnu10""()q",sfehnerslc
770,earckollld@senate.gov,rO1}_<'<P,hizakovitzld
771,ilangtonle@delicious.com,xP9&)/g8cXJK|,jangovele
772,gcostleylf@engadget.com,"mW8~R""LDL3'#~D",adulanylf
773,vpiotrowskilg@t.co,uU9=ozPK&ggx,ykobieralg
774,hraggleslh@google.com.hk,kB2*2s|I,oriedellh
775,bferyli@mayoclinic.com,yE3`Jm(k&S@t,pandersli
776,mgaulerlj@nifty.com,bY5?$c@.Ay6=6,sgamelllj
777,jgoliglylk@w3.org,aR3`1=%yv6ESnA0,brobylk
778,cfraysll@google.de,qK8$+yY4<v_r*&,sbenziell
779,fyakubowiczlm@naver.com,"bX9+mTQpaHGDQ""",jleftleylm
780,cadeyln@wiley.com,"gR2\i,|CFPf+",gcrocettiln
781,dprucelo@prnewswire.com,"vK9""DwTI,*9mT",fcleavelandlo
782,wstarelp@blogs.com,zG3#(#V80,msteutlylp
783,dyosevitzlq@mysql.com,"eT8""|D48%p(",rdavidsohnlq
784,bdraperlr@alibaba.com,"jW1/X}vTw!tT""{",wtejerolr
785,hbaalhamls@hubpages.com,tE3\KhZI.)f)#fu,loakesls
786,gsalthouselt@cdbaby.com,"cI8|PQiSwu_H&""&",ltaftlt
787,ccorsonlu@privacy.gov.au,eZ6!+<2nrv,vrudgardlu
788,cellicklv@behance.net,bE8>U$Suhyoi,sodooganlv
789,hcacacielw@godaddy.com,gK1~xJRKK,edorseylw
790,bpopesculx@sakura.ne.jp,wZ6}1!t/3n*t0i,tfancuttlx
791,fmascallly@lycos.com,hC8'RiMX,kmandellly
792,rhartlz@ifeng.com,iJ0+Vi&ji,wadlardlz
793,hsemperm0@csmonitor.com,lR3}uZBS?mDtPGO,rmonetim0
794,aeggintonm1@csmonitor.com,eM6<gBrW+,gsnodenm1
795,amcguckinm2@google.com.hk,pA2(kAFsc},rravenhillm2
796,sjakubowskim3@psu.edu,jL4(DB)0SUsVS,bmarconim3
797,abrownswordm4@cafepress.com,oD8/x'$Zk}7hWJn,linnesm4
798,mreaperm5@amazon.co.uk,"xA1|,/""tD",ltaffleym5
799,treadym6@spotify.com,"uI4,/*)Y7""GbSL",rbazelym6
800,nborchardtm7@soundcloud.com,mX9$X#`),jbrasm7
801,rbennm8@constantcontact.com,oP4|9Vt.k_.K),lpaulotm8
802,wtrusteym9@walmart.com,xB2?Q#sOh.YXSSn,yguidom9
803,rparsleyma@msn.com,xV6.bE52xX,abondarma
804,rcazereaumb@newyorker.com,qP6'#2s8T\LR',lknappenmb
805,lpeddarmc@amazon.co.jp,xE2*JF*bpQ<b,sliptrotmc
806,jtrokermd@blogs.com,eU6_.q#@5X=5Za8,cblandamoremd
807,mjeffersme@netvibes.com,"oF3,c@_UN?e,u.",fdelgadome
808,ekeohanemf@illinois.edu,"nD8>g,p_%""""$G<",acromwellmf
809,cfilippuccimg@globo.com,kP7#ldM#x>H#A'E&,ebourmg
810,bdevenportmh@google.ru,gE8>Qa~w*~iA,cadiemh
811,dweatherburnmi@bluehost.com,"uJ4=y$"".F<Xnk.",jheinschkemi
812,ahubeauxmj@networksolutions.com,"aF8,{N6t_4S",aberringtonmj
813,lmcgownmk@google.com.au,wI7#>$CQu,calldredmk
814,tpelerinml@vistaprint.com,"yD8!>D#r76G,lS",nadlamml
815,wlarratmm@miitbeian.gov.cn,kR6`u1PB!,tversonmm
816,sconnorsmn@quantcast.com,fY9<'{VeP,abelinmn
817,jhavillmo@ucla.edu,nD9_&t>`GA,ttresisemo
818,tgrubbemp@zimbio.com,mU4$o#StEUz,cmargiottamp
819,kmatzenmq@qq.com,lE7<uQ_4_,jdowniemq
820,jcustancemr@va.gov,bR3%}#0ALn,wlindemannmr
821,yfargems@economist.com,bG0/B``TiR*@fpcG,dbokenms
822,wfranklinmt@illinois.edu,dY7.BcE/,mtatemt
823,pgillimu@xinhuanet.com,yE7}5oeRc,tbeethammu
824,kprallmv@examiner.com,eA2$otZ(,crufflesmv
825,nhessermw@dedecms.com,"qB9\f`)JOa~bc,_v",jdursleymw
826,ntinlinemx@youtu.be,mV5&2sO}L\,pfoggmx
827,lpennockmy@sogou.com,"yT2#,>c$+>!372",hfrimy
828,emcminnmz@umich.edu,vR6{}D{{5hJI,hyablsleymz
829,gyokelmann0@msn.com,"oH0_U""B$T",gwhichelown0
830,gbaptisten1@mediafire.com,hO3%bnY_&qp@,btoken1
831,banderbruggen2@elegantthemes.com,cR1{H'fMmZ,gmeffenn2
832,gsimkovichn3@icio.us,lH9)9k6Cd7W,jgarwilln3
833,asiemanteln4@blogger.com,eE2_L'}X*E,ksouthbyn4
834,mimlochn5@4shared.com,gI5<p&6m$Qh0_?,dfermorn5
835,bangelin6@lulu.com,"vB9>hE""~EYrvi={#",adowsingn6
836,wstampern7@weibo.com,cZ0)$)NBi,wbeltznern7
837,mrazouxn8@godaddy.com,"zP5?""n,=`mQXYK7",kdinsmoren8
838,mshaxbyn9@privacy.gov.au,tV2\2?pd}<N}1h.u,rtinkern9
839,kwillavizena@goodreads.com,"dG9@S&znFwN`S""!",rlowndsna
840,lchansonnaunb@earthlink.net,"bI6>0ry""",hegarrnb
841,hdaneletnc@guardian.co.uk,"aV2)y>unrUq&""",evolkesnc
842,ideferrarisnd@wordpress.com,aG0|IG(<)Cc=QH,kmiskinnd
843,ltiesne@google.com.br,"gA2{W!Hi64bT,",toxtibyne
844,ewolfendennf@mashable.com,fB8+OWTe'Vrr_7?*,mvaughtonnf
845,bgeorgiadesng@ycombinator.com,hE7}7}<frI(9qy,nfugereng
846,cdispencernh@nyu.edu,bO2={p3M,agregorowicznh
847,hmccurtainni@ehow.com,uV6`'p5xXbQ,hraynerni
848,nheinelnj@google.ru,gN6|RsJ`++AO,vbenediktnj
849,eomullennk@mozilla.com,aB9?KK/M|+DEHgX,bhighwaynk
850,agliddonnl@bigcartel.com,hA5>z4LB}E,gdurandnl
851,mmessenbirdnm@washingtonpost.com,"aT2)+G~Fp,QN=n,",cmohunnm
852,mfrenschnn@goo.gl,xS7?OOKncr7~,jharpinnn
853,rlennardno@acquirethisname.com,"yY6?,OO/#",cbyreno
854,ftudornp@bluehost.com,iB1%sUQWP9$3hzD,swheelhousenp
855,jgewernq@europa.eu,mJ4*>+#',tsayenq
856,tmacintyrenr@nsw.gov.au,dV3|Byx9m5`geG,mrayernr
857,shaggertyns@google.nl,sV1>B553.,lpatricksonns
858,bkniftonnt@ezinearticles.com,"zB7$)""}d",epipent
859,mwestcarrnu@stanford.edu,lH6_qnX>,mbrodericknu
860,acambridgenv@soup.io,cG3@eZ?'xM7P,cgrimmolbynv
861,ktobynw@reddit.com,"sX9=)""bwmDaBwm",abiasinw
862,gpiellnx@blogtalkradio.com,cI1=Vs$#_'xCC>jo,ascalesnx
863,acakebreadny@yellowbook.com,qP4%Khv'hBznl,pyeskinny
864,cwallentinnz@sciencedaily.com,bT5/1vJ5\2IG/iM,slongworthnz
865,jwallero0@unesco.org,xI0\e*jeV.U,sstockingo0
866,rhinckleyo1@biblegateway.com,"pJ2!bG%w""c/%",mlamplougho1
867,tesbyo2@com.com,dR9(%~ItHG&#Lc,jrobertsono2
868,greaceo3@google.es,"vF3<,k2V",fbusfieldo3
869,nhemshallo4@ca.gov,"yI4/~%""Gz?!jKeU",egligoracio4
870,nbeehoo5@behance.net,tS6`d'G&J,eklosso5
871,mvanderbekeno6@sciencedaily.com,wQ6'w*rPds>,ntregusto6
872,hswadlingeo7@blogtalkradio.com,tR0?dN}?D,cfabrio7
873,efengeo8@ca.gov,uJ7~V?jxRPB,mabdeeo8
874,kballingero9@twitpic.com,wR2}IkpWMg,knoiceo9
875,sdochertyoa@state.tx.us,"rG2""FY}*@EhF&B",mfarranoa
876,ahundyob@independent.co.uk,nB0\\i2iQb,rharrowob
877,jterbruggeoc@joomla.org,iB3?.3..{,mseivwrightoc
878,sandreevod@imgur.com,sH4\9WvkG.D\5SHS,sfilipod
879,nsawfootoe@imdb.com,tD3@lMUHK(=,cfairbeardoe
880,apelchatof@bloomberg.com,nT1@=8E'vdM`/LM,gramalhoof
881,lteresiog@msu.edu,gX5+pM9Wv%r9,kahmadog
882,atyzackoh@myspace.com,kV8+ZVZAM,srobardoh
883,dsuttleoi@dailymotion.com,dU6~ZvA\wP0btt,dcowansoi
884,lwoolneroj@hud.gov,sO2%VbbN$,cjenneryoj
885,ascammellok@blinklist.com,yA9@4%fNurNg5C,kmuzzallok
886,bodeaol@sciencedaily.com,"oU0""fa41,wz",msutchol
887,epalombiom@si.edu,iP2~2Y@!9p,vandryushchenkoom
888,zflarityon@marriott.com,hH1>|rh|IRHVq,cpauleauon
889,srounceoo@yandex.ru,tV5.W_\jRy,dcrankoo
890,egreswellop@dailymail.co.uk,"iH7,Nj9+(7",sroderickop
891,pstoggelloq@deviantart.com,yO4!2BhPOD1%,caitonoq
892,pcardeor@blogger.com,nE0=sBEcn=a,tcorneilleor
893,rabthorpeos@spotify.com,mG6%(V|TSN,esnellmanos
894,jsissot@over-blog.com,jD9__7{7c_\jj}f,fdigiacomettinoot
895,dconnerlyou@cbslocal.com,uL5@M{#d2,mlethcoeou
896,mdemariaov@nature.com,uO0@qng_ET*A2#,nlarrattov
897,ytungayow@g.co,"pU1"">Lf0yq=k",mmccullyow
898,dburrageox@symantec.com,nE4>&nH(B,apitkeathlyox
899,acastellooy@newsvine.com,xI5{&Gq.NRgrO,cwilflingeroy
900,smahaoz@zimbio.com,bU1)JtC=TR9s\,rgarnalloz
901,agreenierp0@berkeley.edu,"dE1_b""V<}|VVY|pd",kchilverp0
902,cfrantzenp1@forbes.com,"oW6""~Gajh(A",kcrittalp1
903,mbaddamp2@blinklist.com,bW3+M$H.t,cduxburyp2
904,jsingsp3@google.it,"cA9,hRC0MDgkB",lmartlewp3
905,jdomenguep4@t-online.de,"aL0(=l5""a.",gleilp4
906,gaugustep5@t-online.de,tI6#n_?r'@,jhenckep5
907,wcotep6@lulu.com,oU3#{>\9Ge1zquh,csapsonp6
908,flawelesp7@ed.gov,qT1}r6\0I%Pc?E?,egettenp7
909,skellarp8@hc360.com,oB2>Sy@A@,glicciardip8
910,gcrustp9@github.com,fE4/>J72W,mbiersp9
911,jvannerpa@weebly.com,"iW2,TIf)guveuI}",sjanawaypa
912,agratrexpb@ow.ly,wA0'jlYk,sferrickpb
913,dgowarpc@mayoclinic.com,wC3!D4Kc+GvVw,rdifrancescopc
914,ahadkinspd@google.pl,"eY5,t$Fgd,u",sairdpd
915,kbeape@walmart.com,uK8(hNHFz,rjelfspe
916,tsandcraftpf@people.com.cn,"qL7`*N7=,%2|RO\n",rinskipppf
917,bwoodingspg@miibeian.gov.cn,bK5\JB!l&)AtC#,lsealspg
918,ccarnegieph@symantec.com,fS7#w7m/,lugoliniph
919,lgaspardpi@hubpages.com,"pK0?e5db,RrHP#$",bchesnutpi
920,ekelliepj@netlog.com,yG5|BJ.Vu`8!t,vbaseypj
921,tdelaperrellepk@theatlantic.com,"gO0`,8bxv<L{u7",vreymerspk
922,kswinpl@facebook.com,"oY3!>+q""mJ`RQN9v",groughpl
923,rmarquezpm@google.es,"zX7@""dc5",dstollardpm
924,bmaginnpn@weather.com,pL6#<}OIz},bgaddpn
925,dtrowlepo@rediff.com,hX6%u}+GZ+Ee,khaddletonpo
926,kpanonspp@list-manage.com,kY8!fAB7,lepinoypp
927,jfrerepq@alexa.com,gE6>1~HHo3iUN,nrickerpq
928,aredingpr@edublogs.org,hT3*Db5g&8vg`UBI,cmccomaspr
929,amarthenps@wordpress.com,lS4)IzcKdu,evondraps
930,boldingpt@shutterfly.com,zL1|P521hfJ*U.U,tivashechkinpt
931,bdeleekpu@hibu.com,fJ8$hCNE?k&YgE,sfairleypu
932,wlabbettpv@hp.com,qX9'K8$5L}OJ,eeschellepv
933,rkirvinpw@odnoklassniki.ru,"wP9#Otn<npR=>""",odellortopw
934,cboritpx@about.com,iV5{WyrpB#8+`$<c,gbambridgepx
935,wterbrugpy@cisco.com,"cJ9`S0\ZF,Y}",dlaffanpy
936,rbeeblepz@theglobeandmail.com,jP4`Q>EbJ,swheatcroftpz
937,aludyq0@pen.io,"mQ7%{(ki""",nminmaghq0
938,llawesq1@ning.com,pT1!0<=7pcvb5,fbrooksbyq1
939,mdukeq2@tripod.com,cE0$`=AGAx,rseczykq2
940,pgowanq3@hexun.com,"sE5_""XnB&A+2H$'}",dstitcherq3
941,moakeq4@storify.com,iX0+NE!bEl.,kjochenq4
942,stennewellq5@toplist.cz,bU8>%gTs%+.,bstanfieldq5
943,acawcuttq6@digg.com,"iM5(DNFyZLA"",",ejaquetq6
944,rvautreyq7@wikispaces.com,bN8`u~aSoT@uwH,leylesq7
945,cportwainq8@bravesites.com,eF5`F%SU,twellandq8
946,scrudenq9@dailymail.co.uk,fD9$@NP=3Gv.wtD{,scrimpeq9
947,jloudqa@over-blog.com,nJ0$2Lg2,pjacquemetqa
948,mboswellqb@google.fr,jC9/\S3WC|3IpWF,lleborgneqb
949,pbrauneqc@plala.or.jp,"cK8(""O&u.7)SMJ%O",sbownqc
950,sbrokqd@github.com,pI8~?(\TG,sickowicsqd
951,lkernockeqe@de.vu,yQ3+#GM#LwX6,dropsqe
952,hgeatorqf@abc.net.au,"bD3|IL1H""",dbeeseyqf
953,rchristalqg@forbes.com,jQ1~Un$H*+jz&Ng,hwicklingqg
954,dbiddulphqh@google.cn,lN4_zI%2aY)|7,athreadgoldqh
955,msokaleqi@cbc.ca,nG8/OZ({3J\}5,cpygottqi
956,asteinhammerqj@bandcamp.com,uG3&St.p,ddumingosqj
957,mclougherqk@cnbc.com,wO6|{l_diq,mmanuelliqk
958,bcluleeql@example.com,zE8~W4w7&Sc1z,smcclenaghanql
959,blittlejohnsqm@youtu.be,oV2%9p3v2*,jskahillqm
960,drojelqn@lulu.com,cR8_/md*i4@P@,gziebartqn
961,npoulglaisqo@gravatar.com,lU4<<U%bYe0),cwhitenqo
962,rcassarqp@shareasale.com,"vY7>""!l~",sgodardqp
963,maddinallqq@unesco.org,"kZ9%AoJqM""M~8""~",ajosefqq
964,flantaphqr@vk.com,sX9>eEZboue>M,cloadeqr
965,htuffreyqs@gnu.org,"mI4,,_Rn}=s+WP",scolstonqs
966,ypaffittqt@yandex.ru,"lK7$L2sqX~""}u$",sblankauqt
967,kpibornqu@statcounter.com,bV4%b<Xktt,ykopkequ
968,membureyqv@sciencedirect.com,qO1)6E?r!CO,hhuxtonqv
969,risseleeqw@ow.ly,"zJ2.""v}G",ghazelhurstqw
970,mlalleyqx@alibaba.com,fB8+F47'nP85,bboxhallqx
971,elysteqy@etsy.com,qQ8}dv\/0g`=q,eespadateqy
972,ebissqz@drupal.org,"kF7#ny>Bz.""a",bmoralesqz
973,opovallr0@yahoo.co.jp,xD3}U/ai*+zPeKz,rpallatinar0
974,efaragherr1@eventbrite.com,nV1}lxSEP~O,cpaxforder1
975,smoyner2@aboutads.info,tD0#>)lDfzt~MO,mleapr2
976,bbrear3@admin.ch,"nO2""WM=""ua",npitkeathlyr3
977,esimenonr4@twitter.com,xQ0}E)a/=UtE`,kvanderwaltr4
978,saspallr5@google.pl,"cR9,(~f)d37+",sjouandetr5
979,estonestreetr6@huffingtonpost.com,"zV1{""nmih!2jHx",mblandfordr6
980,jbenedekr7@scientificamerican.com,qB0`3<9C5\`2aa,gstaddenr7
981,csuthernsr8@google.cn,hX7%'SWU=|X,sdownhamr8
982,ntenmanr9@sphinn.com,"zS8,lEoMHa?hf(rQ",rferrierer9
983,lmaneylawsra@aol.com,"bF6,(~F@6I""3tK._",rgrellisra
984,amathiotrb@whitehouse.gov,qL2/cw`4CE#2OEf,fkrimmerrb
985,ndegoyrc@prlog.org,lG0!BhV$%(!i,etremouillerc
986,rjumontrd@theatlantic.com,bT9!QTa87{BhZWi,smaccollrd
987,jsandersre@sun.com,tP6\5}F.i,eboshardre
988,jwyllierf@theglobeandmail.com,sM0?+MMVo|bv,dmcettigenrf
989,jvalasekrg@technorati.com,mR2/0GBIfC2,mbakewellrg
990,atowerrh@myspace.com,"pU3/#yPE<A%2&7""W",dpauluccirh
991,rwilshereri@zdnet.com,zU3<X+Wr%mM56q6,rshilburneri
992,mbanfieldrj@cdc.gov,dU6&<`JK,ccoxwellrj
993,chousinrk@umich.edu,zL4#d5=+{ix/K4`,rbarnfieldrk
994,mmardlingrl@ning.com,"yR7\ehh5W,NzpI",agowardrl
995,mkeslakerm@zdnet.com,xH6?+(eMN,weptonrm
996,lveltirn@google.ru,gO7~9HWUz_Z@+G)b,dcrimesrn
997,sdalliwatrro@seesaa.net,pK8\VSx842#,lcristofoloro
998,aguilloneaurp@army.mil,"mK2',h%/dygCx\B",wsavinrp
999,amattersleyrq@imdb.com,kN8|N=5OUN}&&,jrushmarerq
1000,nbrewittrr@google.com.au,gY6=.@dfJ?$sz%f=,hcandishrr
